{"textures":{"0":"modelengine:entity/mso_zeus"},"elements":[{"name":"cube","from":[0.19999981,6.4400005,2.3599994],"to":[15.8,17.360004,12.5],"rotation":{"angle":0.0,"axis":"x","origin":[8.0,11.900001,7.8199997]},"faces":{"down":{"uv":[3.3125,1.4375,2.0625,2.25],"rotation":0,"texture":"#0","tintindex":0},"east":{"uv":[0.0,2.25,0.8125,3.125],"rotation":0,"texture":"#0","tintindex":0},"north":{"uv":[0.8125,2.25,2.0625,3.125],"rotation":0,"texture":"#0","tintindex":0},"south":{"uv":[2.875,2.25,4.125,3.125],"rotation":0,"texture":"#0","tintindex":0},"up":{"uv":[2.0625,2.25,0.8125,1.4375],"rotation":0,"texture":"#0","tintindex":0},"west":{"uv":[2.0625,2.25,2.875,3.125],"rotation":0,"texture":"#0","tintindex":0}}},{"name":"cube","from":[-1.3600006,11.120003,3.1399996],"to":[17.36,18.920002,13.28],"rotation":{"angle":0.0,"axis":"x","origin":[8.0,15.020003,7.8199997]},"faces":{"down":{"uv":[3.8125,0.0,2.3125,0.8125],"rotation":0,"texture":"#0","tintindex":0},"east":{"uv":[0.0,0.8125,0.8125,1.4375],"rotation":0,"texture":"#0","tintindex":0},"north":{"uv":[0.8125,0.8125,2.3125,1.4375],"rotation":0,"texture":"#0","tintindex":0},"south":{"uv":[3.125,0.8125,4.625,1.4375],"rotation":0,"texture":"#0","tintindex":0},"up":{"uv":[2.3125,0.8125,0.8125,0.0],"rotation":0,"texture":"#0","tintindex":0},"west":{"uv":[2.3125,0.8125,3.125,1.4375],"rotation":0,"texture":"#0","tintindex":0}}},{"name":"cube","from":[4.88,18.920002,5.4799995],"to":[11.12,22.04,11.72],"rotation":{"angle":0.0,"axis":"x","origin":[8.0,18.920002,7.8199997]},"faces":{"down":{"uv":[5.3125,0.0,4.8125,0.5],"rotation":0,"texture":"#0","tintindex":0},"east":{"uv":[3.8125,0.5,4.3125,0.75],"rotation":0,"texture":"#0","tintindex":0},"north":{"uv":[4.3125,0.5,4.8125,0.75],"rotation":0,"texture":"#0","tintindex":0},"south":{"uv":[5.3125,0.5,5.8125,0.75],"rotation":0,"texture":"#0","tintindex":0},"up":{"uv":[4.8125,0.5,4.3125,0.0],"rotation":0,"texture":"#0","tintindex":0},"west":{"uv":[4.8125,0.5,5.3125,0.75],"rotation":0,"texture":"#0","tintindex":0}}},{"name":"cube","from":[-0.9977169,14.011545,1.5799998],"to":[2.1222835,17.131542,3.1399996],"rotation":{"angle":-45.0,"axis":"z","origin":[0.56228304,15.571545,2.3599994]},"faces":{"down":{"uv":[6.125,12.125,5.875,12.25],"rotation":0,"texture":"#0","tintindex":0},"east":{"uv":[5.5,12.25,5.625,12.5],"rotation":0,"texture":"#0","tintindex":0},"north":{"uv":[5.625,12.25,5.875,12.5],"rotation":0,"texture":"#0","tintindex":0},"south":{"uv":[6.0,12.25,6.25,12.5],"rotation":0,"texture":"#0","tintindex":0},"up":{"uv":[5.875,12.25,5.625,12.125],"rotation":0,"texture":"#0","tintindex":0},"west":{"uv":[5.875,12.25,6.0,12.5],"rotation":0,"texture":"#0","tintindex":0}}},{"name":"cube","from":[-0.9977169,8.161545,1.9699997],"to":[2.1222835,15.181543,1.9699997],"rotation":{"angle":0.0,"axis":"x","origin":[0.56228304,13.621544,2.7499998]},"faces":{"down":{"uv":[6.75,11.9375,6.5,11.9375],"rotation":0,"texture":"#0","tintindex":0},"east":{"uv":[6.25,11.9375,6.25,12.5],"rotation":0,"texture":"#0","tintindex":0},"north":{"uv":[6.25,11.9375,6.5,12.5],"rotation":0,"texture":"#0","tintindex":0},"south":{"uv":[6.5,11.9375,6.75,12.5],"rotation":0,"texture":"#0","tintindex":0},"up":{"uv":[6.5,11.9375,6.25,11.9375],"rotation":0,"texture":"#0","tintindex":0},"west":{"uv":[6.5,11.9375,6.5,12.5],"rotation":0,"texture":"#0","tintindex":0}}}],"display":{"head":{"translation":[0.0,-6.4,0.0],"rotation":[0.0,0.0,0.0],"scale":[3.8095,3.8095,3.8095]}}}