{"textures":{"0":"modelengine:entity/mso_zeus"},"elements":[{"name":"cube","from":[0.82399964,6.2840014,3.1639996],"to":[15.176,15.956003,11.276],"rotation":{"angle":0.0,"axis":"x","origin":[8.0,8.0,8.0]},"faces":{"down":{"uv":[6.875,0.8125,5.75,1.4375],"rotation":0,"texture":"#0","tintindex":0},"east":{"uv":[4.0,1.4375,4.625,2.1875],"rotation":0,"texture":"#0","tintindex":0},"north":{"uv":[4.625,1.4375,5.75,2.1875],"rotation":0,"texture":"#0","tintindex":0},"south":{"uv":[6.375,1.4375,7.5,2.1875],"rotation":0,"texture":"#0","tintindex":0},"up":{"uv":[5.75,1.4375,4.625,0.8125],"rotation":0,"texture":"#0","tintindex":0},"west":{"uv":[5.75,1.4375,6.375,2.1875],"rotation":0,"texture":"#0","tintindex":0}}},{"name":"cube","from":[0.3949995,8.780002,2.5399995],"to":[15.605,13.459999,11.900001],"rotation":{"angle":0.0,"axis":"x","origin":[7.61,12.680002,8.0]},"faces":{"down":{"uv":[6.5,2.375,5.3125,3.125],"rotation":0,"texture":"#0","tintindex":0},"east":{"uv":[3.375,3.125,4.125,3.5],"rotation":0,"texture":"#0","tintindex":0},"north":{"uv":[4.125,3.125,5.3125,3.5],"rotation":0,"texture":"#0","tintindex":0},"south":{"uv":[6.0625,3.125,7.25,3.5],"rotation":0,"texture":"#0","tintindex":0},"up":{"uv":[5.3125,3.125,4.125,2.375],"rotation":0,"texture":"#0","tintindex":0},"west":{"uv":[5.3125,3.125,6.0625,3.5],"rotation":0,"texture":"#0","tintindex":0}}},{"name":"cube","from":[4.88,8.780002,1.7599994],"to":[11.12,15.019999,3.3199997],"rotation":{"angle":-45.0,"axis":"z","origin":[8.0,11.900001,2.5399995]},"faces":{"down":{"uv":[5.625,13.9375,5.125,14.0625],"rotation":0,"texture":"#0","tintindex":0},"east":{"uv":[4.5,14.0625,4.625,14.5625],"rotation":0,"texture":"#0","tintindex":0},"north":{"uv":[4.625,14.0625,5.125,14.5625],"rotation":0,"texture":"#0","tintindex":0},"south":{"uv":[5.25,14.0625,5.75,14.5625],"rotation":0,"texture":"#0","tintindex":0},"up":{"uv":[5.125,14.0625,4.625,13.9375],"rotation":0,"texture":"#0","tintindex":0},"west":{"uv":[5.125,14.0625,5.25,14.5625],"rotation":0,"texture":"#0","tintindex":0}}},{"name":"cube","from":[1.76,15.8,3.3199997],"to":[14.24,18.919998,11.12],"rotation":{"angle":0.0,"axis":"x","origin":[7.22,15.8,8.0]},"faces":{"down":{"uv":[8.0,5.75,7.0,6.375],"rotation":0,"texture":"#0","tintindex":0},"east":{"uv":[5.375,6.375,6.0,6.625],"rotation":0,"texture":"#0","tintindex":0},"north":{"uv":[6.0,6.375,7.0,6.625],"rotation":0,"texture":"#0","tintindex":0},"south":{"uv":[7.625,6.375,8.625,6.625],"rotation":0,"texture":"#0","tintindex":0},"up":{"uv":[7.0,6.375,6.0,5.75],"rotation":0,"texture":"#0","tintindex":0},"west":{"uv":[7.0,6.375,7.625,6.625],"rotation":0,"texture":"#0","tintindex":0}}}],"display":{"head":{"translation":[0.0,-6.4,0.0],"rotation":[0.0,0.0,0.0],"scale":[3.8095,3.8095,3.8095]}}}