{"textures":{"0":"modelengine:entity/mso_zeus"},"elements":[{"name":"jolt","from":[8.0,4.935715,-12.057142],"to":[8.0,11.064286,28.057142],"rotation":{"angle":0.0,"axis":"x","origin":[8.0,8.0,8.0]},"faces":{"down":{"uv":[11.5,7.25,11.5,11.75],"rotation":0,"texture":"#0","tintindex":0},"east":{"uv":[16.0,11.75,11.5,12.4375],"rotation":0,"texture":"#0","tintindex":0},"north":{"uv":[11.5,11.75,11.5,12.4375],"rotation":0,"texture":"#0","tintindex":0},"south":{"uv":[16.0,11.75,16.0,12.4375],"rotation":0,"texture":"#0","tintindex":0},"up":{"uv":[11.5,11.75,11.5,7.25],"rotation":0,"texture":"#0","tintindex":0},"west":{"uv":[11.5,11.75,16.0,12.4375],"rotation":0,"texture":"#0","tintindex":0}}},{"name":"jolt","from":[8.0,6.05,-12.057142],"to":[8.0,9.950001,28.057142],"rotation":{"angle":22.5,"axis":"z","origin":[8.0,8.0,8.0]},"faces":{"down":{"uv":[11.5625,11.0625,11.5625,15.5625],"rotation":0,"texture":"#0","tintindex":0},"east":{"uv":[16.0,11.75,11.5,12.4375],"rotation":0,"texture":"#0","tintindex":0},"north":{"uv":[11.5625,15.5625,11.5625,16.0],"rotation":0,"texture":"#0","tintindex":0},"south":{"uv":[16.0625,15.5625,16.0625,16.0],"rotation":0,"texture":"#0","tintindex":0},"up":{"uv":[11.5625,15.5625,11.5625,11.0625],"rotation":0,"texture":"#0","tintindex":0},"west":{"uv":[11.5,11.75,16.0,12.4375],"rotation":0,"texture":"#0","tintindex":0}}},{"name":"jolt","from":[8.0,6.05,-12.057142],"to":[8.0,9.950001,28.057142],"rotation":{"angle":-22.5,"axis":"z","origin":[8.0,8.0,8.0]},"faces":{"down":{"uv":[11.5625,11.0625,11.5625,15.5625],"rotation":0,"texture":"#0","tintindex":0},"east":{"uv":[16.0625,15.5625,11.5625,16.0],"rotation":0,"texture":"#0","tintindex":0},"north":{"uv":[11.5625,15.5625,11.5625,16.0],"rotation":0,"texture":"#0","tintindex":0},"south":{"uv":[16.0625,15.5625,16.0625,16.0],"rotation":0,"texture":"#0","tintindex":0},"up":{"uv":[11.5625,15.5625,11.5625,11.0625],"rotation":0,"texture":"#0","tintindex":0},"west":{"uv":[11.5625,15.5625,16.0625,16.0],"rotation":0,"texture":"#0","tintindex":0}}}],"display":{"head":{"translation":[0.0,-6.4,0.0],"rotation":[0.0,0.0,0.0],"scale":[3.7333333,3.7333333,3.7333333]}}}