{"textures":{"0":"modelengine:entity/mso_zeus"},"elements":[{"name":"cube","from":[4.879999,-6.8199987,4.88],"to":[10.34,8.0,11.12],"rotation":{"angle":0.0,"axis":"x","origin":[8.0,8.0,8.0]},"faces":{"down":{"uv":[7.8125,6.625,7.375,7.125],"rotation":0,"texture":"#0","tintindex":0},"east":{"uv":[6.4375,7.125,6.9375,8.3125],"rotation":0,"texture":"#0","tintindex":0},"north":{"uv":[6.9375,7.125,7.375,8.3125],"rotation":0,"texture":"#0","tintindex":0},"south":{"uv":[7.875,7.125,8.3125,8.3125],"rotation":0,"texture":"#0","tintindex":0},"up":{"uv":[7.375,7.125,6.9375,6.625],"rotation":0,"texture":"#0","tintindex":0},"west":{"uv":[7.375,7.125,7.875,8.3125],"rotation":0,"texture":"#0","tintindex":0}}},{"name":"cube","from":[2.5399995,-3.7000003,2.5399995],"to":[5.66,8.390001,5.66],"rotation":{"angle":-22.5,"axis":"y","origin":[2.5399995,4.1,5.66]},"faces":{"down":{"uv":[6.25,12.5,6.0,12.75],"rotation":0,"texture":"#0","tintindex":0},"east":{"uv":[5.5,12.75,5.75,13.6875],"rotation":0,"texture":"#0","tintindex":0},"north":{"uv":[5.75,12.75,6.0,13.6875],"rotation":0,"texture":"#0","tintindex":0},"south":{"uv":[6.25,12.75,6.5,13.6875],"rotation":0,"texture":"#0","tintindex":0},"up":{"uv":[6.0,12.75,5.75,12.5],"rotation":0,"texture":"#0","tintindex":0},"west":{"uv":[6.0,12.75,6.25,13.6875],"rotation":0,"texture":"#0","tintindex":0}}},{"name":"cube","from":[2.5399995,-3.7000003,5.66],"to":[5.66,8.390001,9.56],"rotation":{"angle":0.0,"axis":"x","origin":[4.1,2.3450027,7.61]},"faces":{"down":{"uv":[0.8125,13.125,0.5625,13.4375],"rotation":0,"texture":"#0","tintindex":0},"east":{"uv":[0.0,13.4375,0.3125,14.375],"rotation":0,"texture":"#0","tintindex":0},"north":{"uv":[0.3125,13.4375,0.5625,14.375],"rotation":0,"texture":"#0","tintindex":0},"south":{"uv":[0.875,13.4375,1.125,14.375],"rotation":0,"texture":"#0","tintindex":0},"up":{"uv":[0.5625,13.4375,0.3125,13.125],"rotation":0,"texture":"#0","tintindex":0},"west":{"uv":[0.5625,13.4375,0.875,14.375],"rotation":0,"texture":"#0","tintindex":0}}},{"name":"cube","from":[2.5399995,-3.7000003,9.56],"to":[5.66,8.390001,13.459999],"rotation":{"angle":22.5,"axis":"y","origin":[2.5399995,4.1,9.56]},"faces":{"down":{"uv":[3.3125,13.6875,3.0625,14.0],"rotation":0,"texture":"#0","tintindex":0},"east":{"uv":[2.5,14.0,2.8125,14.9375],"rotation":0,"texture":"#0","tintindex":0},"north":{"uv":[2.8125,14.0,3.0625,14.9375],"rotation":0,"texture":"#0","tintindex":0},"south":{"uv":[3.375,14.0,3.625,14.9375],"rotation":0,"texture":"#0","tintindex":0},"up":{"uv":[3.0625,14.0,2.8125,13.6875],"rotation":0,"texture":"#0","tintindex":0},"west":{"uv":[3.0625,14.0,3.375,14.9375],"rotation":0,"texture":"#0","tintindex":0}}},{"name":"cube","from":[4.0219994,-1.4379988,5.582],"to":[11.198,6.518,11.978],"rotation":{"angle":0.0,"axis":"x","origin":[8.0,-4.48,8.780001]},"faces":{"down":{"uv":[9.625,3.75,9.0625,4.25],"rotation":0,"texture":"#0","tintindex":0},"east":{"uv":[8.0,4.25,8.5,4.875],"rotation":0,"texture":"#0","tintindex":0},"north":{"uv":[8.5,4.25,9.0625,4.875],"rotation":0,"texture":"#0","tintindex":0},"south":{"uv":[9.5625,4.25,10.125,4.875],"rotation":0,"texture":"#0","tintindex":0},"up":{"uv":[9.0625,4.25,8.5,3.75],"rotation":0,"texture":"#0","tintindex":0},"west":{"uv":[9.0625,4.25,9.5625,4.875],"rotation":0,"texture":"#0","tintindex":0}}},{"name":"cube","from":[1.9549993,4.8800015,2.9299998],"to":[3.9049993,12.680002,10.73],"rotation":{"angle":-45.0,"axis":"x","origin":[3.9049993,9.559999,7.61]},"faces":{"down":{"uv":[4.5,13.9375,4.375,14.5625],"rotation":0,"texture":"#0","tintindex":0},"east":{"uv":[3.625,14.5625,4.25,15.1875],"rotation":0,"texture":"#0","tintindex":0},"north":{"uv":[4.25,14.5625,4.375,15.1875],"rotation":0,"texture":"#0","tintindex":0},"south":{"uv":[5.0,14.5625,5.125,15.1875],"rotation":0,"texture":"#0","tintindex":0},"up":{"uv":[4.375,14.5625,4.25,13.9375],"rotation":0,"texture":"#0","tintindex":0},"west":{"uv":[4.375,14.5625,5.0,15.1875],"rotation":0,"texture":"#0","tintindex":0}}},{"name":"cube","from":[1.9549993,4.8800015,10.73],"to":[1.9549993,11.120003,14.63],"rotation":{"angle":-45.0,"axis":"x","origin":[3.9049993,9.559999,7.61]},"faces":{"down":{"uv":[3.9375,13.625,3.9375,13.9375],"rotation":0,"texture":"#0","tintindex":0},"east":{"uv":[3.625,13.9375,3.9375,14.4375],"rotation":0,"texture":"#0","tintindex":0},"north":{"uv":[3.9375,13.9375,3.9375,14.4375],"rotation":0,"texture":"#0","tintindex":0},"south":{"uv":[4.25,13.9375,4.25,14.4375],"rotation":0,"texture":"#0","tintindex":0},"up":{"uv":[3.9375,13.9375,3.9375,13.625],"rotation":0,"texture":"#0","tintindex":0},"west":{"uv":[3.9375,13.9375,4.25,14.4375],"rotation":0,"texture":"#0","tintindex":0}}},{"name":"cube","from":[5.075,3.671002,10.34],"to":[9.754999,8.351,12.68],"rotation":{"angle":45.0,"axis":"z","origin":[7.0249996,6.400999,11.900001]},"faces":{"down":{"uv":[3.0,4.875,2.625,5.0625],"rotation":0,"texture":"#0","tintindex":0},"east":{"uv":[2.0625,5.0625,2.25,5.4375],"rotation":0,"texture":"#0","tintindex":0},"north":{"uv":[2.25,5.0625,2.625,5.4375],"rotation":0,"texture":"#0","tintindex":0},"south":{"uv":[2.8125,5.0625,3.1875,5.4375],"rotation":0,"texture":"#0","tintindex":0},"up":{"uv":[2.625,5.0625,2.25,4.875],"rotation":0,"texture":"#0","tintindex":0},"west":{"uv":[2.625,5.0625,2.8125,5.4375],"rotation":0,"texture":"#0","tintindex":0}}}],"display":{"head":{"translation":[0.0,-6.4,0.0],"rotation":[0.0,0.0,0.0],"scale":[3.8095,3.8095,3.8095]}}}