{"textures":{"0":"modelengine:entity/mso_zeus"},"elements":[{"name":"cube","from":[0.20000029,-7.6000004,5.66],"to":[5.66,3.3200026,11.900001],"rotation":{"angle":0.0,"axis":"x","origin":[4.1000004,-27.879997,8.780001]},"faces":{"down":{"uv":[9.1875,7.8125,8.75,8.3125],"rotation":0,"texture":"#0","tintindex":0},"east":{"uv":[7.8125,8.3125,8.3125,9.1875],"rotation":0,"texture":"#0","tintindex":0},"north":{"uv":[8.3125,8.3125,8.75,9.1875],"rotation":0,"texture":"#0","tintindex":0},"south":{"uv":[9.25,8.3125,9.6875,9.1875],"rotation":0,"texture":"#0","tintindex":0},"up":{"uv":[8.75,8.3125,8.3125,7.8125],"rotation":0,"texture":"#0","tintindex":0},"west":{"uv":[8.75,8.3125,9.25,9.1875],"rotation":0,"texture":"#0","tintindex":0}}},{"name":"cube","from":[0.9799998,-9.16,4.1],"to":[8.0,5.6600037,11.12],"rotation":{"angle":0.0,"axis":"x","origin":[8.0,8.780002,8.0]},"faces":{"down":{"uv":[3.875,6.375,3.3125,6.9375],"rotation":0,"texture":"#0","tintindex":0},"east":{"uv":[2.1875,6.9375,2.75,8.125],"rotation":0,"texture":"#0","tintindex":0},"north":{"uv":[2.75,6.9375,3.3125,8.125],"rotation":0,"texture":"#0","tintindex":0},"south":{"uv":[3.875,6.9375,4.4375,8.125],"rotation":0,"texture":"#0","tintindex":0},"up":{"uv":[3.3125,6.9375,2.75,6.375],"rotation":0,"texture":"#0","tintindex":0},"west":{"uv":[3.3125,6.9375,3.875,8.125],"rotation":0,"texture":"#0","tintindex":0}}},{"name":"cube","from":[1.7599994,5.6600037,4.88],"to":[8.0,10.340001,10.34],"rotation":{"angle":0.0,"axis":"x","origin":[3.3199997,-8.379998,9.56]},"faces":{"down":{"uv":[6.25,8.1875,5.75,8.625],"rotation":0,"texture":"#0","tintindex":0},"east":{"uv":[4.8125,8.625,5.25,9.0],"rotation":0,"texture":"#0","tintindex":0},"north":{"uv":[5.25,8.625,5.75,9.0],"rotation":0,"texture":"#0","tintindex":0},"south":{"uv":[6.1875,8.625,6.6875,9.0],"rotation":0,"texture":"#0","tintindex":0},"up":{"uv":[5.75,8.625,5.25,8.1875],"rotation":0,"texture":"#0","tintindex":0},"west":{"uv":[5.75,8.625,6.1875,9.0],"rotation":0,"texture":"#0","tintindex":0}}},{"name":"cube","from":[-1.3600001,0.19999981,4.88],"to":[1.7599994,15.8,11.12],"rotation":{"angle":0.0,"axis":"x","origin":[0.20000029,8.0,8.0]},"faces":{"down":{"uv":[2.8125,9.75,2.5625,10.25],"rotation":0,"texture":"#0","tintindex":0},"east":{"uv":[1.8125,10.25,2.3125,11.5],"rotation":0,"texture":"#0","tintindex":0},"north":{"uv":[2.3125,10.25,2.5625,11.5],"rotation":0,"texture":"#0","tintindex":0},"south":{"uv":[3.0625,10.25,3.3125,11.5],"rotation":0,"texture":"#0","tintindex":0},"up":{"uv":[2.5625,10.25,2.3125,9.75],"rotation":0,"texture":"#0","tintindex":0},"west":{"uv":[2.5625,10.25,3.0625,11.5],"rotation":0,"texture":"#0","tintindex":0}}},{"name":"cube","from":[0.23899937,15.8,0.9799998],"to":[0.23899937,19.7,15.02],"rotation":{"angle":22.5,"axis":"z","origin":[0.23899937,15.8,8.0]},"faces":{"down":{"uv":[4.1875,10.125,4.1875,11.25],"rotation":0,"texture":"#0","tintindex":0},"east":{"uv":[4.1875,11.25,5.3125,11.5625],"rotation":0,"texture":"#0","tintindex":0},"north":{"uv":[4.1875,11.25,4.1875,11.5625],"rotation":0,"texture":"#0","tintindex":0},"south":{"uv":[5.3125,11.25,5.3125,11.5625],"rotation":0,"texture":"#0","tintindex":0},"up":{"uv":[4.1875,11.25,4.1875,10.125],"rotation":0,"texture":"#0","tintindex":0},"west":{"uv":[4.1875,11.25,5.3125,11.5625],"rotation":0,"texture":"#0","tintindex":0}}},{"name":"cube","from":[-1.3600001,15.8,4.88],"to":[-1.3600001,22.040005,11.12],"rotation":{"angle":22.5,"axis":"z","origin":[-1.3600001,15.8,8.0]},"faces":{"down":{"uv":[2.3125,11.5,2.3125,12.0],"rotation":0,"texture":"#0","tintindex":0},"east":{"uv":[2.3125,12.0,2.8125,12.5],"rotation":0,"texture":"#0","tintindex":0},"north":{"uv":[2.3125,12.0,2.3125,12.5],"rotation":0,"texture":"#0","tintindex":0},"south":{"uv":[2.8125,12.0,2.8125,12.5],"rotation":0,"texture":"#0","tintindex":0},"up":{"uv":[2.3125,12.0,2.3125,11.5],"rotation":0,"texture":"#0","tintindex":0},"west":{"uv":[2.3125,12.0,2.8125,12.5],"rotation":0,"texture":"#0","tintindex":0}}},{"name":"cube","from":[-1.9450006,3.3200026,3.3199997],"to":[0.004999876,12.680002,12.68],"rotation":{"angle":-45.0,"axis":"x","origin":[0.004999876,8.0,8.0]},"faces":{"down":{"uv":[4.375,9.75,4.25,10.5],"rotation":0,"texture":"#0","tintindex":0},"east":{"uv":[3.375,10.5,4.125,11.25],"rotation":0,"texture":"#0","tintindex":0},"north":{"uv":[4.125,10.5,4.25,11.25],"rotation":0,"texture":"#0","tintindex":0},"south":{"uv":[5.0,10.5,5.125,11.25],"rotation":0,"texture":"#0","tintindex":0},"up":{"uv":[4.25,10.5,4.125,9.75],"rotation":0,"texture":"#0","tintindex":0},"west":{"uv":[4.25,10.5,5.0,11.25],"rotation":0,"texture":"#0","tintindex":0}}},{"name":"cube","from":[-1.9450006,3.3200026,12.68],"to":[-1.9450006,11.120003,17.36],"rotation":{"angle":-45.0,"axis":"x","origin":[0.004999876,8.0,8.0]},"faces":{"down":{"uv":[0.375,8.9375,0.375,9.3125],"rotation":0,"texture":"#0","tintindex":0},"east":{"uv":[0.0,9.3125,0.375,9.9375],"rotation":0,"texture":"#0","tintindex":0},"north":{"uv":[0.375,9.3125,0.375,9.9375],"rotation":0,"texture":"#0","tintindex":0},"south":{"uv":[0.75,9.3125,0.75,9.9375],"rotation":0,"texture":"#0","tintindex":0},"up":{"uv":[0.375,9.3125,0.375,8.9375],"rotation":0,"texture":"#0","tintindex":0},"west":{"uv":[0.375,9.3125,0.75,9.9375],"rotation":0,"texture":"#0","tintindex":0}}},{"name":"cube","from":[-1.3600001,0.19999981,0.19999981],"to":[1.7599994,15.8,4.88],"rotation":{"angle":-22.5,"axis":"y","origin":[-1.3600001,8.0,4.88]},"faces":{"down":{"uv":[0.875,10.125,0.625,10.5],"rotation":0,"texture":"#0","tintindex":0},"east":{"uv":[0.0,10.5,0.375,11.75],"rotation":0,"texture":"#0","tintindex":0},"north":{"uv":[0.375,10.5,0.625,11.75],"rotation":0,"texture":"#0","tintindex":0},"south":{"uv":[1.0,10.5,1.25,11.75],"rotation":0,"texture":"#0","tintindex":0},"up":{"uv":[0.625,10.5,0.375,10.125],"rotation":0,"texture":"#0","tintindex":0},"west":{"uv":[0.625,10.5,1.0,11.75],"rotation":0,"texture":"#0","tintindex":0}}},{"name":"cube","from":[-1.3600001,0.19999981,11.12],"to":[1.7599994,15.8,15.8],"rotation":{"angle":22.5,"axis":"y","origin":[-1.3600001,8.0,11.12]},"faces":{"down":{"uv":[0.875,10.5,0.625,10.125],"rotation":0,"texture":"#0","tintindex":0},"east":{"uv":[0.0,10.5,0.375,11.75],"rotation":0,"texture":"#0","tintindex":0},"north":{"uv":[0.375,10.5,0.625,11.75],"rotation":0,"texture":"#0","tintindex":0},"south":{"uv":[1.0,10.5,1.25,11.75],"rotation":0,"texture":"#0","tintindex":0},"up":{"uv":[0.625,10.125,0.375,10.5],"rotation":0,"texture":"#0","tintindex":0},"west":{"uv":[0.625,10.5,1.0,11.75],"rotation":0,"texture":"#0","tintindex":0}}}],"display":{"head":{"translation":[0.0,-6.4,0.0],"rotation":[0.0,0.0,0.0],"scale":[3.8095,3.8095,3.8095]}}}