{"textures":{"0":"modelengine:entity/minotaur"},"elements":[{"name":"cube","from":[6.8857136,7.0571423,2.9428573],"to":[8.599999,8.771428,4.057143],"rotation":{"angle":0.0,"axis":"x","origin":[8.0,8.0,18.885715]},"faces":{"down":{"uv":[0.75,14.125,0.5,14.3125],"rotation":0,"texture":"#0","tintindex":0},"east":{"uv":[11.875,14.0625,12.0625,14.3125],"rotation":0,"texture":"#0","tintindex":0},"north":{"uv":[14.0625,0.5625,14.3125,0.8125],"rotation":0,"texture":"#0","tintindex":0},"south":{"uv":[1.0,14.0625,1.25,14.3125],"rotation":0,"texture":"#0","tintindex":0},"up":{"uv":[0.5,14.3125,0.25,14.125],"rotation":0,"texture":"#0","tintindex":0},"west":{"uv":[14.0625,14.0625,14.25,14.3125],"rotation":0,"texture":"#0","tintindex":0}}},{"name":"cube","from":[6.8857136,7.0571423,-3.0571423],"to":[8.599999,8.771428,-1.9428558],"rotation":{"angle":0.0,"axis":"x","origin":[8.0,8.0,18.885715]},"faces":{"down":{"uv":[14.375,2.0625,14.125,2.25],"rotation":0,"texture":"#0","tintindex":0},"east":{"uv":[0.75,14.125,0.9375,14.375],"rotation":0,"texture":"#0","tintindex":0},"north":{"uv":[14.0625,1.375,14.3125,1.625],"rotation":0,"texture":"#0","tintindex":0},"south":{"uv":[14.0625,1.625,14.3125,1.875],"rotation":0,"texture":"#0","tintindex":0},"up":{"uv":[14.375,2.0625,14.125,1.875],"rotation":0,"texture":"#0","tintindex":0},"west":{"uv":[1.25,14.125,1.4375,14.375],"rotation":0,"texture":"#0","tintindex":0}}},{"name":"cube","from":[6.8857136,7.0571423,26.771431],"to":[8.599999,8.771428,27.885715],"rotation":{"angle":0.0,"axis":"x","origin":[8.0,8.0,18.885715]},"faces":{"down":{"uv":[14.375,2.9375,14.125,3.125],"rotation":0,"texture":"#0","tintindex":0},"east":{"uv":[14.125,2.25,14.3125,2.5],"rotation":0,"texture":"#0","tintindex":0},"north":{"uv":[1.75,14.0625,2.0,14.3125],"rotation":0,"texture":"#0","tintindex":0},"south":{"uv":[2.4375,14.0625,2.6875,14.3125],"rotation":0,"texture":"#0","tintindex":0},"up":{"uv":[3.125,14.3125,2.875,14.125],"rotation":0,"texture":"#0","tintindex":0},"west":{"uv":[2.6875,14.125,2.875,14.375],"rotation":0,"texture":"#0","tintindex":0}}},{"name":"cube","from":[6.542857,6.6285706,-13.085712],"to":[9.114285,9.028572,-4.4285717],"rotation":{"angle":0.0,"axis":"x","origin":[8.0,8.0,12.457144]},"faces":{"down":{"uv":[2.8125,8.5,2.4375,9.75],"rotation":0,"texture":"#0","tintindex":0},"east":{"uv":[8.3125,6.125,9.5625,6.5],"rotation":0,"texture":"#0","tintindex":0},"north":{"uv":[12.4375,12.8125,12.8125,13.1875],"rotation":0,"texture":"#0","tintindex":0},"south":{"uv":[12.8125,12.8125,13.1875,13.1875],"rotation":0,"texture":"#0","tintindex":0},"up":{"uv":[8.8125,4.375,8.4375,3.125],"rotation":0,"texture":"#0","tintindex":0},"west":{"uv":[8.3125,6.5,9.5625,6.875],"rotation":0,"texture":"#0","tintindex":0}}},{"name":"cube","from":[5.257143,6.971428,-12.4],"to":[10.4,8.685713,-5.457142],"rotation":{"angle":0.0,"axis":"x","origin":[8.0,8.0,12.457144]},"faces":{"down":{"uv":[2.25,6.0625,1.5,7.0625],"rotation":0,"texture":"#0","tintindex":0},"east":{"uv":[2.75,2.0625,3.75,2.3125],"rotation":0,"texture":"#0","tintindex":0},"north":{"uv":[8.8125,5.8125,9.5625,6.0625],"rotation":0,"texture":"#0","tintindex":0},"south":{"uv":[12.25,7.25,13.0,7.5],"rotation":0,"texture":"#0","tintindex":0},"up":{"uv":[3.1875,6.5,2.4375,5.5],"rotation":0,"texture":"#0","tintindex":0},"west":{"uv":[6.625,2.5,7.625,2.75],"rotation":0,"texture":"#0","tintindex":0}}},{"name":"cube","from":[4.228571,6.971428,-11.371428],"to":[5.257143,8.685713,-6.485714],"rotation":{"angle":0.0,"axis":"x","origin":[8.685715,8.0,12.457144]},"faces":{"down":{"uv":[13.875,6.3125,13.75,7.0],"rotation":0,"texture":"#0","tintindex":0},"east":{"uv":[12.4375,3.9375,13.125,4.1875],"rotation":0,"texture":"#0","tintindex":0},"north":{"uv":[14.1875,5.0625,14.3125,5.3125],"rotation":0,"texture":"#0","tintindex":0},"south":{"uv":[5.1875,14.1875,5.3125,14.4375],"rotation":0,"texture":"#0","tintindex":0},"up":{"uv":[9.0625,14.375,8.9375,13.6875],"rotation":0,"texture":"#0","tintindex":0},"west":{"uv":[12.5,9.4375,13.1875,9.6875],"rotation":0,"texture":"#0","tintindex":0}}},{"name":"cube","from":[1.8285713,6.6285706,-11.971428],"to":[4.228571,9.028572,-5.8857136],"rotation":{"angle":0.0,"axis":"x","origin":[8.685715,8.0,12.457144]},"faces":{"down":{"uv":[7.875,10.1875,7.5,11.0625],"rotation":0,"texture":"#0","tintindex":0},"east":{"uv":[10.0625,6.5,10.9375,6.875],"rotation":0,"texture":"#0","tintindex":0},"north":{"uv":[0.4375,12.9375,0.8125,13.3125],"rotation":0,"texture":"#0","tintindex":0},"south":{"uv":[12.9375,2.1875,13.3125,2.5625],"rotation":0,"texture":"#0","tintindex":0},"up":{"uv":[7.5,11.0625,7.125,10.1875],"rotation":0,"texture":"#0","tintindex":0},"west":{"uv":[4.75,10.1875,5.625,10.5625],"rotation":0,"texture":"#0","tintindex":0}}},{"name":"cube","from":[-0.5714288,7.2285714,-12.828571],"to":[1.8285713,8.514286,-5.02857],"rotation":{"angle":0.0,"axis":"x","origin":[8.685715,8.0,12.457144]},"faces":{"down":{"uv":[0.9375,8.8125,0.5625,9.9375],"rotation":0,"texture":"#0","tintindex":0},"east":{"uv":[12.0,10.9375,13.125,11.125],"rotation":0,"texture":"#0","tintindex":0},"north":{"uv":[13.875,9.3125,14.25,9.5],"rotation":0,"texture":"#0","tintindex":0},"south":{"uv":[13.875,9.5,14.25,9.6875],"rotation":0,"texture":"#0","tintindex":0},"up":{"uv":[3.375,7.625,3.0,6.5],"rotation":0,"texture":"#0","tintindex":0},"west":{"uv":[11.4375,12.0,12.5625,12.1875],"rotation":0,"texture":"#0","tintindex":0}}},{"name":"cube","from":[-2.0285716,7.314286,-6.0571423],"to":[0.3714285,8.428572,-1.7714281],"rotation":{"angle":22.5,"axis":"y","origin":[1.1428568,7.314286,-9.828571]},"faces":{"down":{"uv":[7.3125,11.625,6.9375,12.25],"rotation":0,"texture":"#0","tintindex":0},"east":{"uv":[9.3125,2.25,9.9375,2.4375],"rotation":0,"texture":"#0","tintindex":0},"north":{"uv":[9.6875,13.875,10.0625,14.0625],"rotation":0,"texture":"#0","tintindex":0},"south":{"uv":[13.875,9.6875,14.25,9.875],"rotation":0,"texture":"#0","tintindex":0},"up":{"uv":[2.75,1.3125,2.375,0.6875],"rotation":0,"texture":"#0","tintindex":0},"west":{"uv":[13.1875,1.9375,13.8125,2.125],"rotation":0,"texture":"#0","tintindex":0}}},{"name":"cube","from":[-1.1714287,7.314286,-16.0],"to":[1.2285709,8.428572,-11.714287],"rotation":{"angle":-22.5,"axis":"y","origin":[1.1428568,7.314286,-9.828571]},"faces":{"down":{"uv":[8.0625,11.625,7.6875,12.25],"rotation":0,"texture":"#0","tintindex":0},"east":{"uv":[0.3125,13.3125,0.9375,13.5],"rotation":0,"texture":"#0","tintindex":0},"north":{"uv":[13.875,9.875,14.25,10.0625],"rotation":0,"texture":"#0","tintindex":0},"south":{"uv":[10.5625,13.875,10.9375,14.0625],"rotation":0,"texture":"#0","tintindex":0},"up":{"uv":[7.6875,12.25,7.3125,11.625],"rotation":0,"texture":"#0","tintindex":0},"west":{"uv":[0.9375,13.3125,1.5625,13.5],"rotation":0,"texture":"#0","tintindex":0}}},{"name":"cube","from":[10.4,6.971428,-11.371428],"to":[11.428572,8.685713,-6.485714],"rotation":{"angle":0.0,"axis":"x","origin":[6.9714284,8.0,12.457144]},"faces":{"down":{"uv":[6.875,13.75,6.75,14.4375],"rotation":0,"texture":"#0","tintindex":0},"east":{"uv":[12.5,9.6875,13.1875,9.9375],"rotation":0,"texture":"#0","tintindex":0},"north":{"uv":[14.1875,5.3125,14.3125,5.5625],"rotation":0,"texture":"#0","tintindex":0},"south":{"uv":[14.1875,5.5625,14.3125,5.8125],"rotation":0,"texture":"#0","tintindex":0},"up":{"uv":[6.75,14.4375,6.625,13.75],"rotation":0,"texture":"#0","tintindex":0},"west":{"uv":[12.5625,6.0625,13.25,6.3125],"rotation":0,"texture":"#0","tintindex":0}}},{"name":"cube","from":[11.428572,6.6285706,-11.971428],"to":[13.828571,9.028572,-5.8857136],"rotation":{"angle":0.0,"axis":"x","origin":[6.9714284,8.0,12.457144]},"faces":{"down":{"uv":[9.5,10.1875,9.125,11.0625],"rotation":0,"texture":"#0","tintindex":0},"east":{"uv":[7.875,10.1875,8.75,10.5625],"rotation":0,"texture":"#0","tintindex":0},"north":{"uv":[5.5,12.9375,5.875,13.3125],"rotation":0,"texture":"#0","tintindex":0},"south":{"uv":[5.875,12.9375,6.25,13.3125],"rotation":0,