{"textures":{"0":"modelengine:entity/minotaur"},"elements":[{"name":"cube","from":[6.8,4.7,3.1999998],"to":[9.950001,7.1,5.6],"rotation":{"angle":-22.5,"axis":"x","origin":[8.0,10.4,5.0]},"faces":{"down":{"uv":[14.0625,13.4375,13.75,13.6875],"rotation":0,"texture":"#0","tintindex":0},"east":{"uv":[14.0,4.375,14.25,4.625],"rotation":0,"texture":"#0","tintindex":0},"north":{"uv":[11.375,0.6875,11.6875,0.9375],"rotation":0,"texture":"#0","tintindex":0},"south":{"uv":[13.75,11.875,14.0625,12.125],"rotation":0,"texture":"#0","tintindex":0},"up":{"uv":[13.625,14.0,13.3125,13.75],"rotation":0,"texture":"#0","tintindex":0},"west":{"uv":[14.0,4.625,14.25,4.875],"rotation":0,"texture":"#0","tintindex":0}}},{"name":"cube","from":[6.2,4.9296002,5.9375134],"to":[7.7,7.6296005,8.337514],"rotation":{"angle":-22.5,"axis":"x","origin":[8.0,6.8,6.2]},"faces":{"down":{"uv":[2.0,13.4375,1.8125,13.6875],"rotation":0,"texture":"#0","tintindex":0},"east":{"uv":[13.625,13.75,13.875,14.0625],"rotation":0,"texture":"#0","tintindex":0},"north":{"uv":[0.4375,12.625,0.625,12.9375],"rotation":0,"texture":"#0","tintindex":0},"south":{"uv":[7.3125,12.9375,7.5,13.25],"rotation":0,"texture":"#0","tintindex":0},"up":{"uv":[7.3125,13.625,7.125,13.375],"rotation":0,"texture":"#0","tintindex":0},"west":{"uv":[0.25,13.8125,0.5,14.125],"rotation":0,"texture":"#0","tintindex":0}}},{"name":"cube","from":[9.05,4.9296002,5.9375134],"to":[10.55,7.6296005,8.337514],"rotation":{"angle":-22.5,"axis":"x","origin":[8.0,6.8,6.2]},"faces":{"down":{"uv":[8.0625,14.0625,7.875,14.3125],"rotation":0,"texture":"#0","tintindex":0},"east":{"uv":[13.8125,0.3125,14.0625,0.625],"rotation":0,"texture":"#0","tintindex":0},"north":{"uv":[11.75,12.9375,11.9375,13.25],"rotation":0,"texture":"#0","tintindex":0},"south":{"uv":[14.0625,3.8125,14.25,4.125],"rotation":0,"texture":"#0","tintindex":0},"up":{"uv":[5.6875,14.3125,5.5,14.0625],"rotation":0,"texture":"#0","tintindex":0},"west":{"uv":[0.5,13.8125,0.75,14.125],"rotation":0,"texture":"#0","tintindex":0}}},{"name":"cube","from":[5.8999996,6.2,4.85],"to":[10.85,8.9,8.0],"rotation":{"angle":0.0,"axis":"x","origin":[8.0,6.8,6.2]},"faces":{"down":{"uv":[6.0,12.625,5.5,12.9375],"rotation":0,"texture":"#0","tintindex":0},"east":{"uv":[13.4375,11.8125,13.75,12.125],"rotation":0,"texture":"#0","tintindex":0},"north":{"uv":[3.625,8.875,4.125,9.1875],"rotation":0,"texture":"#0","tintindex":0},"south":{"uv":[12.625,5.125,13.125,5.4375],"rotation":0,"texture":"#0","tintindex":0},"up":{"uv":[13.125,5.75,12.625,5.4375],"rotation":0,"texture":"#0","tintindex":0},"west":{"uv":[13.125,13.4375,13.4375,13.75],"rotation":0,"texture":"#0","tintindex":0}}},{"name":"cube","from":[6.95,4.85,0.9499998],"to":[9.8,7.55,3.1999998],"rotation":{"angle":-22.5,"axis":"x","origin":[8.0,10.4,5.0]},"faces":{"down":{"uv":[14.125,1.875,13.8125,2.125],"rotation":0,"texture":"#0","tintindex":0},"east":{"uv":[13.8125,0.625,14.0625,0.9375],"rotation":0,"texture":"#0","tintindex":0},"north":{"uv":[13.4375,13.4375,13.75,13.75],"rotation":0,"texture":"#0","tintindex":0},"south":{"uv":[0.3125,13.5,0.625,13.8125],"rotation":0,"texture":"#0","tintindex":0},"up":{"uv":[1.3125,14.0625,1.0,13.8125],"rotation":0,"texture":"#0","tintindex":0},"west":{"uv":[0.75,13.8125,1.0,14.125],"rotation":0,"texture":"#0","tintindex":0}}}],"display":{"head":{"translation":[0.0,-6.4,0.0],"rotation":[0.0,0.0,0.0],"scale":[3.8095,3.8095,3.8095]}}}