{"textures":{"0":"modelengine:entity/minotaur"},"elements":[{"name":"cube","from":[6.0799994,7.459999,6.44],"to":[9.56,9.259999,8.12],"rotation":{"angle":-22.5,"axis":"z","origin":[8.0,4.459999,9.68]},"faces":{"down":{"uv":[3.6875,13.875,3.3125,14.0625],"rotation":0,"texture":"#0","tintindex":0},"east":{"uv":[6.125,9.9375,6.3125,10.125],"rotation":0,"texture":"#0","tintindex":0},"north":{"uv":[10.1875,13.8125,10.5625,14.0],"rotation":0,"texture":"#0","tintindex":0},"south":{"uv":[12.3125,13.8125,12.6875,14.0],"rotation":0,"texture":"#0","tintindex":0},"up":{"uv":[14.25,2.6875,13.875,2.5],"rotation":0,"texture":"#0","tintindex":0},"west":{"uv":[11.4375,11.8125,11.625,12.0],"rotation":0,"texture":"#0","tintindex":0}}},{"name":"cube","from":[11.6,3.7400007,7.16],"to":[13.28,5.659999,10.639999],"rotation":{"angle":45.0,"axis":"z","origin":[8.0,4.459999,9.68]},"faces":{"down":{"uv":[11.625,13.8125,11.4375,14.1875],"rotation":0,"texture":"#0","tintindex":0},"east":{"uv":[3.6875,13.875,4.0625,14.0625],"rotation":0,"texture":"#0","tintindex":0},"north":{"uv":[12.5625,6.3125,12.75,6.5],"rotation":0,"texture":"#0","tintindex":0},"south":{"uv":[5.3125,13.125,5.5,13.3125],"rotation":0,"texture":"#0","tintindex":0},"up":{"uv":[11.125,11.8125,10.9375,11.4375],"rotation":0,"texture":"#0","tintindex":0},"west":{"uv":[4.375,13.875,4.75,14.0625],"rotation":0,"texture":"#0","tintindex":0}}}],"display":{"head":{"translation":[0.0,-6.4,0.0],"rotation":[0.0,0.0,0.0],"scale":[3.8095,3.8095,3.8095]}}}