{"textures":{"0":"modelengine:entity/minotaur"},"elements":[{"name":"cube","from":[6.05,2.2999997,4.1],"to":[9.950001,10.4,7.7],"rotation":{"angle":-22.5,"axis":"x","origin":[6.2,18.2,10.4]},"faces":{"down":{"uv":[5.3125,12.625,4.875,13.0],"rotation":0,"texture":"#0","tintindex":0},"east":{"uv":[0.375,10.5625,0.75,11.4375],"rotation":0,"texture":"#0","tintindex":0},"north":{"uv":[9.125,9.3125,9.5625,10.1875],"rotation":0,"texture":"#0","tintindex":0},"south":{"uv":[0.0,9.375,0.4375,10.25],"rotation":0,"texture":"#0","tintindex":0},"up":{"uv":[13.0625,5.125,12.625,4.75],"rotation":0,"texture":"#0","tintindex":0},"west":{"uv":[0.75,10.5625,1.125,11.4375],"rotation":0,"texture":"#0","tintindex":0}}},{"name":"cube","from":[6.95,3.7999997,3.0499997],"to":[9.2,10.4,4.1],"rotation":{"angle":-22.5,"axis":"x","origin":[6.2,18.2,10.4]},"faces":{"down":{"uv":[14.375,10.0625,14.125,10.1875],"rotation":0,"texture":"#0","tintindex":0},"east":{"uv":[13.75,11.1875,13.875,11.875],"rotation":0,"texture":"#0","tintindex":0},"north":{"uv":[8.5625,12.5625,8.8125,13.25],"rotation":0,"texture":"#0","tintindex":0},"south":{"uv":[9.1875,12.5625,9.4375,13.25],"rotation":0,"texture":"#0","tintindex":0},"up":{"uv":[14.375,8.9375,14.125,8.8125],"rotation":0,"texture":"#0","tintindex":0},"west":{"uv":[12.0625,13.75,12.1875,14.4375],"rotation":0,"texture":"#0","tintindex":0}}},{"name":"cube","from":[6.35,8.15,2.4499998],"to":[9.5,11.15,4.1],"rotation":{"angle":-22.5,"axis":"x","origin":[6.2,18.2,10.4]},"faces":{"down":{"uv":[14.25,10.5625,13.9375,10.75],"rotation":0,"texture":"#0","tintindex":0},"east":{"uv":[4.4375,14.0625,4.625,14.375],"rotation":0,"texture":"#0","tintindex":0},"north":{"uv":[2.6875,13.5,3.0,13.8125],"rotation":0,"texture":"#0","tintindex":0},"south":{"uv":[3.0,13.5,3.3125,13.8125],"rotation":0,"texture":"#0","tintindex":0},"up":{"uv":[12.75,4.375,12.4375,4.1875],"rotation":0,"texture":"#0","tintindex":0},"west":{"uv":[4.625,14.0625,4.8125,14.375],"rotation":0,"texture":"#0","tintindex":0}}},{"name":"cube","from":[9.8,2.1499996,4.5499997],"to":[10.700001,8.15,6.8],"rotation":{"angle":-22.5,"axis":"x","origin":[6.2,18.2,10.4]},"faces":{"down":{"uv":[14.3125,10.3125,14.1875,10.5625],"rotation":0,"texture":"#0","tintindex":0},"east":{"uv":[11.9375,12.625,12.1875,13.25],"rotation":0,"texture":"#0","tintindex":0},"north":{"uv":[12.1875,13.75,12.3125,14.375],"rotation":0,"texture":"#0","tintindex":0},"south":{"uv":[3.1875,13.8125,3.3125,14.4375],"rotation":0,"texture":"#0","tintindex":0},"up":{"uv":[14.3125,8.8125,14.1875,8.5625],"rotation":0,"texture":"#0","tintindex":0},"west":{"uv":[12.6875,2.1875,12.9375,2.8125],"rotation":0,"texture":"#0","tintindex":0}}},{"name":"cube","from":[6.95,4.25,11.45],"to":[9.05,8.3,13.25],"rotation":{"angle":0.0,"axis":"x","origin":[6.2,18.2,10.4]},"faces":{"down":{"uv":[14.375,7.625,14.125,7.8125],"rotation":0,"texture":"#0","tintindex":0},"east":{"uv":[13.75,10.3125,13.9375,10.75],"rotation":0,"texture":"#0","tintindex":0},"north":{"uv":[13.4375,7.5625,13.6875,8.0],"rotation":0,"texture":"#0","tintindex":0},"south":{"uv":[13.4375,9.25,13.6875,9.6875],"rotation":0,"texture":"#0","tintindex":0},"up":{"uv":[14.375,7.625,14.125,7.4375],"rotation":0,"texture":"#0","tintindex":0},"west":{"uv":[13.125,13.75,13.3125,14.1875],"rotation":0,"texture":"#0","tintindex":0}}}],"display":{"head":{"translation":[0.0,-6.4,0.0],"rotation":[0.0,0.0,0.0],"scale":[3.8095,3.8095,3.8095]}}}