{"textures":{"0":"modelengine:entity/minotaur"},"elements":[{"name":"cube","from":[5.6,6.8599987,8.360001],"to":[9.2,8.78,10.52],"rotation":{"angle":45.0,"axis":"z","origin":[6.8,4.459999,7.28]},"faces":{"down":{"uv":[13.9375,12.75,13.5625,13.0],"rotation":0,"texture":"#0","tintindex":0},"east":{"uv":[14.0625,11.9375,14.3125,12.125],"rotation":0,"texture":"#0","tintindex":0},"north":{"uv":[4.75,13.875,5.125,14.0625],"rotation":0,"texture":"#0","tintindex":0},"south":{"uv":[13.875,6.3125,14.25,6.5],"rotation":0,"texture":"#0","tintindex":0},"up":{"uv":[13.0,13.8125,12.625,13.5625],"rotation":0,"texture":"#0","tintindex":0},"west":{"uv":[14.0625,13.4375,14.3125,13.625],"rotation":0,"texture":"#0","tintindex":0}}},{"name":"cube","from":[3.56,2.1799994,7.88],"to":[7.16,4.3400006,10.04],"rotation":{"angle":-45.0,"axis":"z","origin":[6.8,4.459999,7.28]},"faces":{"down":{"uv":[14.0,4.4375,13.625,4.6875],"rotation":0,"texture":"#0","tintindex":0},"east":{"uv":[14.0,13.0,14.25,13.25],"rotation":0,"texture":"#0","tintindex":0},"north":{"uv":[3.3125,13.625,3.6875,13.875],"rotation":0,"texture":"#0","tintindex":0},"south":{"uv":[3.6875,13.625,4.0625,13.875],"rotation":0,"texture":"#0","tintindex":0},"up":{"uv":[14.0,4.4375,13.625,4.1875],"rotation":0,"texture":"#0","tintindex":0},"west":{"uv":[13.3125,14.0,13.5625,14.25],"rotation":0,"texture":"#0","tintindex":0}}},{"name":"cube","from":[3.56,2.1799994,5.0],"to":[7.16,4.459999,7.16],"rotation":{"angle":-45.0,"axis":"z","origin":[6.8,4.459999,7.28]},"faces":{"down":{"uv":[10.0625,13.625,9.6875,13.875],"rotation":0,"texture":"#0","tintindex":0},"east":{"uv":[0.0,14.0625,0.25,14.3125],"rotation":0,"texture":"#0","tintindex":0},"north":{"uv":[13.625,4.6875,14.0,4.9375],"rotation":0,"texture":"#0","tintindex":0},"south":{"uv":[7.125,13.625,7.5,13.875],"rotation":0,"texture":"#0","tintindex":0},"up":{"uv":[7.875,13.875,7.5,13.625],"rotation":0,"texture":"#0","tintindex":0},"west":{"uv":[14.0625,0.3125,14.3125,0.5625],"rotation":0,"texture":"#0","tintindex":0}}},{"name":"cube","from":[1.5199996,3.7400007,4.7599998],"to":[3.1999998,5.659999,8.24],"rotation":{"angle":-45.0,"axis":"z","origin":[6.8,4.459999,7.28]},"faces":{"down":{"uv":[1.75,13.875,1.5625,14.25],"rotation":0,"texture":"#0","tintindex":0},"east":{"uv":[13.875,6.5,14.25,6.6875],"rotation":0,"texture":"#0","tintindex":0},"north":{"uv":[9.9375,14.125,10.125,14.3125],"rotation":0,"texture":"#0","tintindex":0},"south":{"uv":[14.1875,0.8125,14.375,1.0],"rotation":0,"texture":"#0","tintindex":0},"up":{"uv":[12.875,14.1875,12.6875,13.8125],"rotation":0,"texture":"#0","tintindex":0},"west":{"uv":[13.875,6.6875,14.25,6.875],"rotation":0,"texture":"#0","tintindex":0}}},{"name":"cube","from":[5.24,7.459999,4.04],"to":[8.72,9.259999,5.72],"rotation":{"angle":22.5,"axis":"z","origin":[6.8,4.459999,7.28]},"faces":{"down":{"uv":[14.25,7.25,13.875,7.4375],"rotation":0,"texture":"#0","tintindex":0},"east":{"uv":[14.1875,1.0,14.375,1.1875],"rotation":0,"texture":"#0","tintindex":0},"north":{"uv":[13.875,6.875,14.25,7.0625],"rotation":0,"texture":"#0","tintindex":0},"south":{"uv":[13.875,7.0625,14.25,7.25],"rotation":0,"texture":"#0","tintindex":0},"up":{"uv":[7.5,14.0625,7.125,13.875],"rotation":0,"texture":"#0","tintindex":0},"west":{"uv":[14.1875,1.1875,14.375,1.375],"rotation":0,"texture":"#0","tintindex":0}}},{"name":"cube","from":[5.12,6.8599987,4.88],"to":[8.72,8.78,7.04],"rotation":{"angle":45.0,"axis":"z","origin":[6.8,4.459999,7.28]},"faces":{"down":{"uv":[11.3125,13.625,10.9375,13.875],"rotation":0,"texture":"#0","tintindex":0},"east":{"uv":[13.5625,14.0625,13.8125,14.25],"rotation":0,"texture":"#0","tintindex":0},"north":{"uv":[7.5,13.875,7.875,14.0625],"rotation":0,"texture":"#0","tintindex":0},"south":{"uv":[13.875,9.125,14.25,9.3125],"rotation":0,"texture":"#0","tintindex":0},"up":{"uv":[10.9375,13.875,10.5625,13.625],"rotation":0,"texture":"#0","tintindex":0},"west":{"uv":[14.0625,13.875,14.3125,14.0625],"rotation":0,"texture":"#0","tintindex":0}}},{"name":"cube","from":[5.12,4.2200003,5.24],"to":[9.2,9.41,9.8],"rotation":{"angle":-22.5,"axis":"z","origin":[6.8,4.459999,7.28]},"faces":{"down":{"uv":[12.25,8.125,11.8125,8.625],"rotation":0,"texture":"#0","tintindex":0},"east":{"uv":[11.1875,0.9375,11.6875,1.5],"rotation":0,"texture":"#0","tintindex":0},"north":{"uv":[4.6875,11.625,5.125,12.1875],"rotation":0,"texture":"#0","tintindex":0},"south":{"uv":[5.125,11.625,5.5625,12.1875],"rotation":0,"texture":"#0","tintindex":0},"up":{"uv":[12.25,8.125,11.8125,7.625],"rotation":0,"texture":"#0","tintindex":0},"west":{"uv":[11.1875,5.5625,11.6875,6.125],"rotation":0,"texture":"#0","tintindex":0}}},{"name":"cube","from":[5.12,3.1400008,5.48],"to":[8.24,4.9400005,9.56],"rotation":{"angle":-45.0,"axis":"z","origin":[6.8,4.459999,7.28]},"faces":{"down":{"uv":[13.3125,3.4375,13.0,3.875],"rotation":0,"texture":"#0","tintindex":0},"east":{"uv":[13.6875,7.5625,14.125,7.75],"rotation":0,"texture":"#0","tintindex":0},"north":{"uv":[10.75,9.5625,11.0625,9.75],"rotation":0,"texture":"#0","tintindex":0},"south":{"uv":[11.0625,10.125,11.375,10.3125],"rotation":0,"texture":"#0","tintindex":0},"up":{"uv":[2.875,13.4375,2.5625,13.0],"rotation":0,"texture":"#0","tintindex":0},"west":{"uv":[13.6875,7.75,14.125,7.9375],"rotation":0,"texture":"#0","tintindex":0}}}],"display":{"head":{"translation":[0.0,-6.4,0.0],"rotation":[0.0,0.0,0.0],"scale":[3.8095,3.8095,3.8095]}}}