{"textures":{"0":"modelengine:entity/mso_tornado"},"elements":[{"name":"cube","from":[-13.600001,-0.6400001,-13.600001],"to":[29.600002,16.640001,29.600002],"rotation":{"angle":0.0,"axis":"x","origin":[0.7999997,-3.52,0.8000002]},"faces":{"down":{"uv":[13.125,9.0625,10.875,11.3125],"rotation":0,"texture":"#0","tintindex":0},"east":{"uv":[12.625,3.875,14.875,4.75],"rotation":0,"texture":"#0","tintindex":0},"north":{"uv":[12.625,3.0,14.875,3.875],"rotation":0,"texture":"#0","tintindex":0},"south":{"uv":[12.625,4.75,14.875,5.625],"rotation":0,"texture":"#0","tintindex":0},"up":{"uv":[2.25,13.0625,0.0,10.8125],"rotation":0,"texture":"#0","tintindex":0},"west":{"uv":[12.625,5.625,14.875,6.5],"rotation":0,"texture":"#0","tintindex":0}}}],"display":{"head":{"translation":[0.0,-6.4,0.0],"rotation":[0.0,0.0,0.0],"scale":[3.8095,3.8095,3.8095]}}}