{"textures":{"0":"modelengine:entity/mso_tornado"},"elements":[{"name":"cube","from":[-12.571428,-0.14285564,-12.571428],"to":[28.571428,16.142857,28.571428],"rotation":{"angle":0.0,"axis":"x","origin":[8.0,-0.14285564,-2.2857137]},"faces":{"down":{"uv":[10.5,7.25,7.5,10.25],"rotation":0,"texture":"#0","tintindex":0},"east":{"uv":[2.25,12.0625,5.25,13.5625],"rotation":0,"texture":"#0","tintindex":0},"north":{"uv":[10.875,11.3125,13.875,12.8125],"rotation":0,"texture":"#0","tintindex":0},"south":{"uv":[5.25,12.0625,8.25,13.5625],"rotation":0,"texture":"#0","tintindex":0},"up":{"uv":[7.5,10.25,4.5,7.25],"rotation":0,"texture":"#0","tintindex":0},"west":{"uv":[12.625,0.0,15.625,1.5],"rotation":0,"texture":"#0","tintindex":0}}}],"display":{"head":{"translation":[0.0,-6.4,0.0],"rotation":[0.0,0.0,0.0],"scale":[3.7333333,3.7333333,3.7333333]}}}