{"textures":{"0":"modelengine:entity/mso_tornado"},"elements":[{"name":"cube","from":[-6.4000006,2.2399995,-6.4000006],"to":[22.400002,13.759999,22.400002],"rotation":{"angle":0.0,"axis":"x","origin":[5.12,2.2399995,8.0]},"faces":{"down":{"uv":[14.125,1.5,12.625,3.0],"rotation":0,"texture":"#0","tintindex":0},"east":{"uv":[9.75,12.8125,11.25,13.4375],"rotation":0,"texture":"#0","tintindex":0},"north":{"uv":[12.625,6.5,14.125,7.125],"rotation":0,"texture":"#0","tintindex":0},"south":{"uv":[11.25,12.8125,12.75,13.4375],"rotation":0,"texture":"#0","tintindex":0},"up":{"uv":[9.75,13.5625,8.25,12.0625],"rotation":0,"texture":"#0","tintindex":0},"west":{"uv":[12.75,12.8125,14.25,13.4375],"rotation":0,"texture":"#0","tintindex":0}}}],"display":{"head":{"translation":[0.0,-6.4,0.0],"rotation":[0.0,0.0,0.0],"scale":[3.8095,3.8095,3.8095]}}}