{"textures":{"0":"modelengine:entity/lr_gryffin"},"elements":[{"name":"cube","from":[3.4999998,3.7084339,-2.968699],"to":[11.900001,12.108435,12.0313015],"rotation":{"angle":0.0,"axis":"x","origin":[8.0,6.408435,6.631302]},"faces":{"down":{"uv":[6.4375,5.3125,5.5625,6.875],"rotation":0,"texture":"#0","tintindex":0},"east":{"uv":[0.0,5.375,1.5625,6.25],"rotation":0,"texture":"#0","tintindex":0},"north":{"uv":[2.125,7.3125,3.0,8.1875],"rotation":0,"texture":"#0","tintindex":0},"south":{"uv":[0.0,7.375,0.875,8.25],"rotation":0,"texture":"#0","tintindex":0},"up":{"uv":[6.4375,5.3125,5.5625,3.75],"rotation":0,"texture":"#0","tintindex":0},"west":{"uv":[1.5625,5.375,3.125,6.25],"rotation":0,"texture":"#0","tintindex":0}}},{"name":"cube","from":[7.7,12.108435,-4.7686977],"to":[7.7,15.708435,12.0313015],"rotation":{"angle":0.0,"axis":"x","origin":[8.0,6.408435,6.631302]},"faces":{"down":{"uv":[0.0,0.0,0.0,1.75],"rotation":0,"texture":"#0","tintindex":0},"east":{"uv":[9.1875,3.3125,7.4375,3.6875],"rotation":0,"texture":"#0","tintindex":0},"north":{"uv":[0.0,0.0,0.0,0.375],"rotation":0,"texture":"#0","tintindex":0},"south":{"uv":[0.0,0.0,0.0,0.375],"rotation":0,"texture":"#0","tintindex":0},"up":{"uv":[0.0,1.75,0.0,0.0],"rotation":0,"texture":"#0","tintindex":0},"west":{"uv":[7.4375,3.3125,9.1875,3.6875],"rotation":0,"texture":"#0","tintindex":0}}},{"name":"cube","from":[2.8999999,3.253859,-12.165415],"to":[13.1,14.653859,-1.3654146],"rotation":{"angle":22.5,"axis":"x","origin":[7.7,6.853859,-6.465415]},"faces":{"down":{"uv":[2.125,6.25,1.0625,7.375],"rotation":0,"texture":"#0","tintindex":0},"east":{"uv":[5.875,0.0,7.0,1.1875],"rotation":0,"texture":"#0","tintindex":0},"north":{"uv":[5.875,2.375,6.9375,3.5625],"rotation":0,"texture":"#0","tintindex":0},"south":{"uv":[4.1875,6.0625,5.25,7.25],"rotation":0,"texture":"#0","tintindex":0},"up":{"uv":[1.0625,7.375,0.0,6.25],"rotation":0,"texture":"#0","tintindex":0},"west":{"uv":[5.875,1.1875,7.0,2.375],"rotation":0,"texture":"#0","tintindex":0}}},{"name":"cube","from":[2.8999999,3.7999997,-13.900001],"to":[13.1,3.7999997,-8.500001],"rotation":{"angle":45.0,"axis":"x","origin":[8.0,3.7999997,-11.200001]},"faces":{"down":{"uv":[8.875,0.9375,7.8125,1.5],"rotation":0,"texture":"#0","tintindex":0},"east":{"uv":[0.0,0.0,0.5625,0.0],"rotation":0,"texture":"#0","tintindex":0},"north":{"uv":[0.0,0.0,1.0625,0.0],"rotation":0,"texture":"#0","tintindex":0},"south":{"uv":[0.0,0.0,1.0625,0.0],"rotation":0,"texture":"#0","tintindex":0},"up":{"uv":[7.25,8.3125,6.1875,7.75],"rotation":0,"texture":"#0","tintindex":0},"west":{"uv":[0.0,0.0,0.5625,0.0],"rotation":0,"texture":"#0","tintindex":0}}}],"display":{"head":{"translation":[0.0,-6.4,0.0],"rotation":[0.0,0.0,0.0],"scale":[3.8095,3.8095,3.8095]}}}