{"textures":{"0":"modelengine:entity/lr_gryffin"},"elements":[{"name":"cube","from":[6.2,1.5642396,3.2907114],"to":[9.8,8.16424,8.090712],"rotation":{"angle":0.0,"axis":"x","origin":[6.2,6.96424,1.4907113]},"faces":{"down":{"uv":[3.625,9.1875,3.25,9.6875],"rotation":0,"texture":"#0","tintindex":0},"east":{"uv":[8.75,1.5,9.25,2.1875],"rotation":0,"texture":"#0","tintindex":0},"north":{"uv":[8.9375,2.625,9.3125,3.3125],"rotation":0,"texture":"#0","tintindex":0},"south":{"uv":[8.9375,5.8125,9.3125,6.5],"rotation":0,"texture":"#0","tintindex":0},"up":{"uv":[3.25,9.6875,2.875,9.1875],"rotation":0,"texture":"#0","tintindex":0},"west":{"uv":[8.75,7.625,9.25,8.3125],"rotation":0,"texture":"#0","tintindex":0}}},{"name":"cube","from":[6.2,-0.23575997,3.2907114],"to":[9.8,1.5642396,8.090712],"rotation":{"angle":0.0,"axis":"x","origin":[6.2,6.96424,1.4907113]},"faces":{"down":{"uv":[4.375,9.1875,4.0,9.6875],"rotation":0,"texture":"#0","tintindex":0},"east":{"uv":[5.875,3.5625,6.375,3.75],"rotation":0,"texture":"#0","tintindex":0},"north":{"uv":[2.5,9.75,2.875,9.9375],"rotation":0,"texture":"#0","tintindex":0},"south":{"uv":[9.75,3.25,10.125,3.4375],"rotation":0,"texture":"#0","tintindex":0},"up":{"uv":[4.0,9.6875,3.625,9.1875],"rotation":0,"texture":"#0","tintindex":0},"west":{"uv":[9.625,1.6875,10.125,1.875],"rotation":0,"texture":"#0","tintindex":0}}},{"name":"cube","from":[6.8,-3.2357607,4.490711],"to":[9.2,2.7642398,7.4907117],"rotation":{"angle":0.0,"axis":"x","origin":[14.0,0.36424017,6.290712]},"faces":{"down":{"uv":[9.9375,3.625,9.6875,3.9375],"rotation":0,"texture":"#0","tintindex":0},"east":{"uv":[5.25,6.0625,5.5625,6.6875],"rotation":0,"texture":"#0","tintindex":0},"north":{"uv":[6.1875,6.875,6.4375,7.5],"rotation":0,"texture":"#0","tintindex":0},"south":{"uv":[5.0,7.25,5.25,7.875],"rotation":0,"texture":"#0","tintindex":0},"up":{"uv":[8.75,7.9375,8.5,7.625],"rotation":0,"texture":"#0","tintindex":0},"west":{"uv":[1.8125,7.375,2.125,8.0],"rotation":0,"texture":"#0","tintindex":0}}},{"name":"cube","from":[6.6592197,2.7642398,7.999367],"to":[6.6592197,8.16424,10.399367],"rotation":{"angle":22.5,"axis":"y","origin":[6.6592197,5.7642403,9.199368]},"faces":{"down":{"uv":[0.0,0.0,0.0,0.25],"rotation":0,"texture":"#0","tintindex":0},"east":{"uv":[9.3125,6.0,9.5625,6.5625],"rotation":0,"texture":"#0","tintindex":0},"north":{"uv":[0.0,0.0,0.0,0.5625],"rotation":0,"texture":"#0","tintindex":0},"south":{"uv":[0.0,0.0,0.0,0.5625],"rotation":0,"texture":"#0","tintindex":0},"up":{"uv":[0.0,0.25,0.0,0.0],"rotation":0,"texture":"#0","tintindex":0},"west":{"uv":[1.875,9.375,2.125,9.9375],"rotation":0,"texture":"#0","tintindex":0}}},{"name":"cube","from":[7.9747024,-4.8975697,12.308633],"to":[7.9747024,-2.4975696,14.708633],"rotation":{"angle":45.0,"axis":"x","origin":[7.9747024,-2.4975696,11.708633]},"faces":{"down":{"uv":[0.0,0.0,0.0,0.25],"rotation":180,"texture":"#0","tintindex":0},"east":{"uv":[9.625,9.75,9.375,10.0],"rotation":90,"texture":"#0","tintindex":0},"north":{"uv":[0.0,0.0,0.0,0.25],"rotation":180,"texture":"#0","tintindex":0},"south":{"uv":[0.0,0.25,0.0,0.0],"rotation":0,"texture":"#0","tintindex":0},"up":{"uv":[0.0,0.0,0.0,0.25],"rotation":0,"texture":"#0","tintindex":0},"west":{"uv":[9.875,9.75,9.625,10.0],"rotation":270,"texture":"#0","tintindex":0}}},{"name":"cube","from":[7.0747023,-4.8975697,11.108633],"to":[8.874702,-2.4975696,12.908633],"rotation":{"angle":45.0,"axis":"x","origin":[7.9747024,-2.4975696,11.708633]},"faces":{"down":{"uv":[10.125,6.0,9.9375,6.1875],"rotation":180,"texture":"#0","tintindex":0},"east":{"uv":[4.125,8.0625,3.875,8.25],"rotation":90,"texture":"#0","tintindex":0},"north":{"uv":[10.125,1.125,9.9375,1.375],"rotation":180,"texture":"#0","tintindex":0},"south":{"uv":[10.125,1.625,9.9375,1.375],"rotation":0,"texture":"#0","tintindex":0},"up":{"uv":[10.125,5.3125,9.9375,5.5],"rotation":0,"texture":"#0","tintindex":0},"west":{"uv":[10.0,3.4375,9.75,3.625],"rotation":270,"texture":"#0","tintindex":0}}},{"name":"cube","from":[7.0747023,-7.29757,8.708633],"to":[8.874702,-2.4975696,11.108633],"rotation":{"angle":45.0,"axis":"x","origin":[7.9747024,-2.4975696,11.708633]},"faces":{"down":{"uv":[10.0625,9.8125,9.875,10.0625],"rotation":180,"texture":"#0","tintindex":0},"east":{"uv":[9.9375,7.25,9.4375,7.5],"rotation":90,"texture":"#0","tintindex":0},"north":{"uv":[3.25,9.6875,3.0625,10.1875],"rotation":180,"texture":"#0","tintindex":0},"south":{"uv":[3.4375,10.1875,3.25,9.6875],"rotation":0,"texture":"#0","tintindex":0},"up":{"uv":[10.0625,9.5625,9.875,9.8125],"rotation":0,"texture":"#0","tintindex":0},"west":{"uv":[9.875,9.5,9.375,9.75],"rotation":270,"texture":"#0","tintindex":0}}},{"name":"cube","from":[6.2,-6.2357597,3.8907113],"to":[9.8,-3.2357607,7.4907117],"rotation":{"angle":0.0,"axis":"x","origin":[14.0,-2.0357604,6.290712]},"faces":{"down":{"uv":[2.5,9.375,2.125,9.75],"rotation":0,"texture":"#0","tintindex":0},"east":{"uv":[9.5625,7.5,9.9375,7.8125],"rotation":0,"texture":"#0","tintindex":0},"north":{"uv":[9.5625,6.0,9.9375,6.3125],"rotation":0,"texture":"#0","tintindex":0},"south":{"uv":[9.5625,7.8125,9.9375,8.125],"rotation":0,"texture":"#0","tintindex":0},"up":{"uv":[3.5,7.5,3.125,7.125],"rotation":0,"texture":"#0","tintindex":0},"west":{"uv":[9.625,0.0,10.0,0.3125],"rotation":0,"texture":"#0","tintindex":0}}}],"display":{"head":{"translation":[0.0,-6.4,0.0],"rotation":[0.0,0.0,0.0],"scale":[3.8095,3.8095,3.8095]}}}