{"textures":{"0":"modelengine:entity/lr_gryffin"},"elements":[{"name":"cube","from":[3.4747026,6.96424,4.13607],"to":[5.274702,9.364241,8.9360695],"rotation":{"angle":22.5,"axis":"y","origin":[4.974702,8.024717,4.829296]},"faces":{"down":{"uv":[3.0625,9.6875,2.875,10.1875],"rotation":0,"texture":"#0","tintindex":0},"east":{"uv":[6.9375,3.3125,7.4375,3.5625],"rotation":0,"texture":"#0","tintindex":0},"north":{"uv":[1.0625,9.875,1.25,10.125],"rotation":0,"texture":"#0","tintindex":0},"south":{"uv":[8.3125,9.875,8.5,10.125],"rotation":0,"texture":"#0","tintindex":0},"up":{"uv":[9.375,10.125,9.1875,9.625],"rotation":0,"texture":"#0","tintindex":0},"west":{"uv":[9.4375,1.125,9.9375,1.375],"rotation":0,"texture":"#0","tintindex":0}}},{"name":"cube","from":[3.4747026,5.1642404,4.13607],"to":[5.274702,6.96424,6.53607],"rotation":{"angle":22.5,"axis":"y","origin":[4.974702,8.024717,4.829296]},"faces":{"down":{"uv":[10.0625,9.3125,9.875,9.5625],"rotation":0,"texture":"#0","tintindex":0},"east":{"uv":[5.25,6.6875,5.5,6.875],"rotation":0,"texture":"#0","tintindex":0},"north":{"uv":[9.9375,4.5625,10.125,4.75],"rotation":0,"texture":"#0","tintindex":0},"south":{"uv":[9.9375,5.125,10.125,5.3125],"rotation":0,"texture":"#0","tintindex":0},"up":{"uv":[8.6875,10.125,8.5,9.875],"rotation":0,"texture":"#0","tintindex":0},"west":{"uv":[1.8125,8.0,2.0625,8.1875],"rotation":0,"texture":"#0","tintindex":0}}},{"name":"cube","from":[4.374702,3.3642402,4.13607],"to":[4.374702,5.7642403,6.53607],"rotation":{"angle":22.5,"axis":"y","origin":[4.974702,8.024717,4.829296]},"faces":{"down":{"uv":[0.0,0.0,0.0,0.25],"rotation":0,"texture":"#0","tintindex":0},"east":{"uv":[7.3125,9.75,7.5625,10.0],"rotation":0,"texture":"#0","tintindex":0},"north":{"uv":[0.0,0.0,0.0,0.25],"rotation":0,"texture":"#0","tintindex":0},"south":{"uv":[0.0,0.0,0.0,0.25],"rotation":0,"texture":"#0","tintindex":0},"up":{"uv":[0.0,0.25,0.0,0.0],"rotation":0,"texture":"#0","tintindex":0},"west":{"uv":[8.6875,9.75,8.9375,10.0],"rotation":0,"texture":"#0","tintindex":0}}},{"name":"cube","from":[7.0747023,6.96424,3.8360698],"to":[8.874702,9.364241,8.63607],"rotation":{"angle":0.0,"axis":"x","origin":[4.974702,8.024717,4.829296]},"faces":{"down":{"uv":[3.4375,9.6875,3.25,10.1875],"rotation":0,"texture":"#0","tintindex":0},"east":{"uv":[9.4375,7.25,9.9375,7.5],"rotation":0,"texture":"#0","tintindex":0},"north":{"uv":[9.875,9.5625,10.0625,9.8125],"rotation":0,"texture":"#0","tintindex":0},"south":{"uv":[9.875,9.8125,10.0625,10.0625],"rotation":0,"texture":"#0","tintindex":0},"up":{"uv":[3.25,10.1875,3.0625,9.6875],"rotation":0,"texture":"#0","tintindex":0},"west":{"uv":[9.375,9.5,9.875,9.75],"rotation":0,"texture":"#0","tintindex":0}}},{"name":"cube","from":[7.0747023,5.1642404,3.8360698],"to":[8.874702,6.96424,6.2360697],"rotation":{"angle":0.0,"axis":"x","origin":[4.974702,8.024717,4.829296]},"faces":{"down":{"uv":[10.125,1.375,9.9375,1.625],"rotation":0,"texture":"#0","tintindex":0},"east":{"uv":[3.875,8.0625,4.125,8.25],"rotation":0,"texture":"#0","tintindex":0},"north":{"uv":[9.9375,5.3125,10.125,5.5],"rotation":0,"texture":"#0","tintindex":0},"south":{"uv":[9.9375,6.0,10.125,6.1875],"rotation":0,"texture":"#0","tintindex":0},"up":{"uv":[10.125,1.375,9.9375,1.125],"rotation":0,"texture":"#0","tintindex":0},"west":{"uv":[9.75,3.4375,10.0,3.625],"rotation":0,"texture":"#0","tintindex":0}}},{"name":"cube","from":[7.9747024,3.3642402,3.8360698],"to":[7.9747024,5.7642403,6.2360697],"rotation":{"angle":0.0,"axis":"x","origin":[4.974702,8.024717,4.829296]},"faces":{"down":{"uv":[0.0,0.0,0.0,0.25],"rotation":0,"texture":"#0","tintindex":0},"east":{"uv":[9.375,9.75,9.625,10.0],"rotation":0,"texture":"#0","tintindex":0},"north":{"uv":[0.0,0.0,0.0,0.25],"rotation":0,"texture":"#0","tintindex":0},"south":{"uv":[0.0,0.0,0.0,0.25],"rotation":0,"texture":"#0","tintindex":0},"up":{"uv":[0.0,0.25,0.0,0.0],"rotation":0,"texture":"#0","tintindex":0},"west":{"uv":[9.625,9.75,9.875,10.0],"rotation":0,"texture":"#0","tintindex":0}}},{"name":"cube","from":[9.924702,6.96424,3.23607],"to":[11.724703,9.364241,8.03607],"rotation":{"angle":-22.5,"axis":"y","origin":[7.9747024,6.3642406,5.6360703]},"faces":{"down":{"uv":[3.8125,9.6875,3.625,10.1875],"rotation":0,"texture":"#0","tintindex":0},"east":{"uv":[9.5625,2.125,10.0625,2.375],"rotation":0,"texture":"#0","tintindex":0},"north":{"uv":[1.5625,9.9375,1.75,10.1875],"rotation":0,"texture":"#0","tintindex":0},"south":{"uv":[1.75,9.9375,1.9375,10.1875],"rotation":0,"texture":"#0","tintindex":0},"up":{"uv":[3.625,10.1875,3.4375,9.6875],"rotation":0,"texture":"#0","tintindex":0},"west":{"uv":[9.5625,2.375,10.0625,2.625],"rotation":0,"texture":"#0","tintindex":0}}},{"name":"cube","from":[9.924702,5.1642404,3.23607],"to":[11.724703,6.96424,5.6360703],"rotation":{"angle":-22.5,"axis":"y","origin":[7.9747024,6.3642406,5.6360703]},"faces":{"down":{"uv":[2.125,9.9375,1.9375,10.1875],"rotation":0,"texture":"#0","tintindex":0},"east":{"uv":[9.8125,0.5625,10.0625,0.75],"rotation":0,"texture":"#0","tintindex":0},"north":{"uv":[9.9375,6.5625,10.125,6.75],"rotation":0,"texture":"#0","tintindex":0},"south":{"uv":[9.9375,7.125,10.125,7.3125],"rotation":0,"texture":"#0","tintindex":0},"up":{"uv":[10.125,2.125,9.9375,1.875],"rotation":0,"texture":"#0","tintindex":0},"west":{"uv":[9.8125,5.8125,10.0625,6.0],"rotation":0,"texture":"#0","tintindex":0}}},{"name":"cube","from":[10.824702,3.3642402,3.23607],"to":[10.824702,5.7642403,5.6360703],"rotation":{"angle":-22.5,"axis":"y","origin":[7.9747024,6.3642406,5.6360703]},"faces":{"down":{"uv":[0.0,0.0,0.0,0.25],"rotation":0,"texture":"#0","tintindex":0},"east":{"uv":[9.8125,0.3125,10.0625,0.5625],"rotation":0,"texture":"#0","tintindex":0},"north":{"uv":[0.0,0.0,0.0,0.25],"rotation":0,"texture":"#0","tintindex":0},"south":{"uv":[0.0,0.0,0.0,0.25],"rotation":0,"texture":"#0","tintindex":0},"up":{"uv":[0.0,0.25,0.0,0.0],"rotation":0,"texture":"#0","tintindex":0},"west":{"uv":[9.8125,2.625,10.0625,2.875],"rotation":0,"texture":"#0","tintindex":0}}}],"display":{"head":{"translation":[0.0,-6.4,0.0],"rotation":[0.0,0.0,0.0],"scale":[3.8095,3.8095,3.8095]}}}