{"textures":{"0":"modelengine:entity/lr_gryffin"},"elements":[{"name":"cube","from":[6.993499,2.053315,5.2235394],"to":[9.393499,8.053315,8.223539],"rotation":{"angle":0.0,"axis":"x","origin":[13.593499,3.7033148,-5.576461]},"faces":{"down":{"uv":[9.9375,3.9375,9.6875,4.25],"rotation":0,"texture":"#0","tintindex":0},"east":{"uv":[7.3125,9.25,7.625,9.875],"rotation":0,"texture":"#0","tintindex":0},"north":{"uv":[6.1875,9.5,6.4375,10.125],"rotation":0,"texture":"#0","tintindex":0},"south":{"uv":[4.375,9.5625,4.625,10.1875],"rotation":0,"texture":"#0","tintindex":0},"up":{"uv":[4.0625,10.0,3.8125,9.6875],"rotation":0,"texture":"#0","tintindex":0},"west":{"uv":[6.125,10.125,6.4375,10.75],"rotation":0,"texture":"#0","tintindex":0}}},{"name":"cube","from":[7.2231092,2.053315,8.177868],"to":[7.2231092,8.053315,9.377868],"rotation":{"angle":22.5,"axis":"y","origin":[7.2231092,5.0533147,8.777867]},"faces":{"down":{"uv":[9.6875,3.9375,9.6875,4.0625],"rotation":0,"texture":"#0","tintindex":0},"east":{"uv":[10.4375,8.4375,10.3125,9.0625],"rotation":0,"texture":"#0","tintindex":0},"north":{"uv":[6.1875,9.5,6.1875,10.125],"rotation":0,"texture":"#0","tintindex":0},"south":{"uv":[4.375,9.5625,4.375,10.1875],"rotation":0,"texture":"#0","tintindex":0},"up":{"uv":[3.8125,9.8125,3.8125,9.6875],"rotation":0,"texture":"#0","tintindex":0},"west":{"uv":[10.3125,8.4375,10.4375,9.0625],"rotation":0,"texture":"#0","tintindex":0}}}],"display":{"head":{"translation":[0.0,-6.4,0.0],"rotation":[0.0,0.0,0.0],"scale":[3.8095,3.8095,3.8095]}}}