{"textures":{"0":"modelengine:entity/lr_gryffin"},"elements":[{"name":"cube","from":[5.0,14.429421,1.0930886],"to":[10.4,19.229424,8.893089],"rotation":{"angle":0.0,"axis":"x","origin":[8.0,-5.3705797,10.693089]},"faces":{"down":{"uv":[8.875,4.5,8.3125,5.3125],"rotation":0,"texture":"#0","tintindex":0},"east":{"uv":[6.5,8.3125,7.3125,8.8125],"rotation":0,"texture":"#0","tintindex":0},"north":{"uv":[8.875,6.625,9.4375,7.125],"rotation":0,"texture":"#0","tintindex":0},"south":{"uv":[8.875,7.125,9.4375,7.625],"rotation":0,"texture":"#0","tintindex":0},"up":{"uv":[8.875,4.5,8.3125,3.6875],"rotation":0,"texture":"#0","tintindex":0},"west":{"uv":[8.4375,5.3125,9.25,5.8125],"rotation":0,"texture":"#0","tintindex":0}}},{"name":"cube","from":[3.1999998,4.2294197,0.49308872],"to":[12.2,14.429421,10.093089],"rotation":{"angle":0.0,"axis":"x","origin":[8.0,-5.3705797,10.693089]},"faces":{"down":{"uv":[6.1875,6.875,5.25,7.875],"rotation":0,"texture":"#0","tintindex":0},"east":{"uv":[2.125,6.25,3.125,7.3125],"rotation":0,"texture":"#0","tintindex":0},"north":{"uv":[6.4375,4.625,7.375,5.6875],"rotation":0,"texture":"#0","tintindex":0},"south":{"uv":[6.4375,5.6875,7.375,6.75],"rotation":0,"texture":"#0","tintindex":0},"up":{"uv":[7.375,7.75,6.4375,6.75],"rotation":0,"texture":"#0","tintindex":0},"west":{"uv":[6.4375,3.5625,7.4375,4.625],"rotation":0,"texture":"#0","tintindex":0}}},{"name":"cube","from":[3.1999998,7.844072,11.577589],"to":[12.2,12.044072,11.577589],"rotation":{"angle":-45.0,"axis":"x","origin":[7.7,9.944073,11.577589]},"faces":{"down":{"uv":[6.1875,6.875,5.25,6.875],"rotation":0,"texture":"#0","tintindex":0},"east":{"uv":[2.125,6.25,2.125,6.6875],"rotation":0,"texture":"#0","tintindex":0},"north":{"uv":[15.0625,0.0,16.0,0.4375],"rotation":0,"texture":"#0","tintindex":0},"south":{"uv":[16.0,0.0,15.0625,0.4375],"rotation":0,"texture":"#0","tintindex":0},"up":{"uv":[7.375,6.75,6.4375,6.75],"rotation":0,"texture":"#0","tintindex":0},"west":{"uv":[6.4375,3.5625,6.4375,4.0],"rotation":0,"texture":"#0","tintindex":0}}},{"name":"cube","from":[3.1999998,5.0349455,-0.5401573],"to":[12.2,10.434946,-0.5401573],"rotation":{"angle":22.5,"axis":"x","origin":[7.7,7.734946,-0.5401573]},"faces":{"down":{"uv":[6.1875,6.875,5.25,6.875],"rotation":0,"texture":"#0","tintindex":0},"east":{"uv":[2.125,6.25,2.125,6.8125],"rotation":0,"texture":"#0","tintindex":0},"north":{"uv":[13.0,0.0,13.9375,0.5625],"rotation":0,"texture":"#0","tintindex":0},"south":{"uv":[13.9375,0.0,13.0,0.5625],"rotation":0,"texture":"#0","tintindex":0},"up":{"uv":[7.375,6.75,6.4375,6.75],"rotation":0,"texture":"#0","tintindex":0},"west":{"uv":[6.4375,3.5625,6.4375,4.125],"rotation":0,"texture":"#0","tintindex":0}}}],"display":{"head":{"translation":[0.0,-6.4,0.0],"rotation":[0.0,0.0,0.0],"scale":[3.8095,3.8095,3.8095]}}}