{"textures":{"0":"modelengine:entity/lr_gryffin"},"elements":[{"name":"cube","from":[5.6,2.1642404,3.8907113],"to":[10.4,11.76424,11.690712],"rotation":{"angle":0.0,"axis":"x","origin":[9.8,9.96424,5.0907116]},"faces":{"down":{"uv":[7.3125,8.4375,7.8125,9.25],"rotation":0,"texture":"#0","tintindex":0},"east":{"uv":[5.0,7.25,4.1875,8.25],"rotation":0,"texture":"#0","tintindex":0},"north":{"uv":[1.375,8.1875,0.875,9.1875],"rotation":0,"texture":"#0","tintindex":0},"south":{"uv":[1.875,8.1875,1.375,9.1875],"rotation":0,"texture":"#0","tintindex":0},"up":{"uv":[8.4375,6.625,8.9375,5.8125],"rotation":0,"texture":"#0","tintindex":0},"west":{"uv":[7.8125,0.9375,7.0,1.9375],"rotation":0,"texture":"#0","tintindex":0}}},{"name":"cube","from":[10.286049,12.337711,3.8907113],"to":[13.286049,12.337711,11.690712],"rotation":{"angle":22.5,"axis":"z","origin":[11.786049,12.337711,7.7907114]},"faces":{"down":{"uv":[10.125,0.9375,10.4375,1.75],"rotation":0,"texture":"#0","tintindex":0},"east":{"uv":[5.0,7.25,4.1875,7.25],"rotation":0,"texture":"#0","tintindex":0},"north":{"uv":[1.1875,8.1875,0.875,8.1875],"rotation":0,"texture":"#0","tintindex":0},"south":{"uv":[1.6875,8.1875,1.375,8.1875],"rotation":0,"texture":"#0","tintindex":0},"up":{"uv":[10.125,1.75,10.4375,0.9375],"rotation":0,"texture":"#0","tintindex":0},"west":{"uv":[7.8125,0.9375,7.0,0.9375],"rotation":0,"texture":"#0","tintindex":0}}},{"name":"cube","from":[9.71117,2.1642404,11.553695],"to":[9.71117,11.76424,15.153695],"rotation":{"angle":-22.5,"axis":"y","origin":[9.71117,6.96424,13.353695]},"faces":{"down":{"uv":[0.0,0.0,0.0,0.375],"rotation":0,"texture":"#0","tintindex":0},"east":{"uv":[8.6875,8.6875,8.3125,9.6875],"rotation":0,"texture":"#0","tintindex":0},"north":{"uv":[0.0,0.0,0.0,1.0],"rotation":0,"texture":"#0","tintindex":0},"south":{"uv":[0.0,0.0,0.0,1.0],"rotation":0,"texture":"#0","tintindex":0},"up":{"uv":[0.0,0.375,0.0,0.0],"rotation":0,"texture":"#0","tintindex":0},"west":{"uv":[8.875,6.625,8.5,7.625],"rotation":0,"texture":"#0","tintindex":0}}}],"display":{"head":{"translation":[0.0,-6.4,0.0],"rotation":[0.0,0.0,0.0],"scale":[3.8095,3.8095,3.8095]}}}