{"textures":{"0":"modelengine:entity/lr_gryffin"},"elements":[{"name":"cube","from":[6.2,1.5642396,3.2907114],"to":[9.8,8.16424,8.090712],"rotation":{"angle":0.0,"axis":"x","origin":[9.8,6.96424,1.4907113]},"faces":{"down":{"uv":[3.25,9.1875,3.625,9.6875],"rotation":0,"texture":"#0","tintindex":0},"east":{"uv":[9.25,7.625,8.75,8.3125],"rotation":0,"texture":"#0","tintindex":0},"north":{"uv":[9.3125,2.625,8.9375,3.3125],"rotation":0,"texture":"#0","tintindex":0},"south":{"uv":[9.3125,5.8125,8.9375,6.5],"rotation":0,"texture":"#0","tintindex":0},"up":{"uv":[2.875,9.6875,3.25,9.1875],"rotation":0,"texture":"#0","tintindex":0},"west":{"uv":[9.25,1.5,8.75,2.1875],"rotation":0,"texture":"#0","tintindex":0}}},{"name":"cube","from":[6.2,-0.23575997,3.2907114],"to":[9.8,1.5642396,8.090712],"rotation":{"angle":0.0,"axis":"x","origin":[9.8,6.96424,1.4907113]},"faces":{"down":{"uv":[4.0,9.1875,4.375,9.6875],"rotation":0,"texture":"#0","tintindex":0},"east":{"uv":[10.125,1.6875,9.625,1.875],"rotation":0,"texture":"#0","tintindex":0},"north":{"uv":[2.875,9.75,2.5,9.9375],"rotation":0,"texture":"#0","tintindex":0},"south":{"uv":[10.125,3.25,9.75,3.4375],"rotation":0,"texture":"#0","tintindex":0},"up":{"uv":[3.625,9.6875,4.0,9.1875],"rotation":0,"texture":"#0","tintindex":0},"west":{"uv":[6.375,3.5625,5.875,3.75],"rotation":0,"texture":"#0","tintindex":0}}},{"name":"cube","from":[6.8,-3.2357607,4.490711],"to":[9.2,2.7642398,7.4907117],"rotation":{"angle":0.0,"axis":"x","origin":[1.9999998,0.36424017,6.290712]},"faces":{"down":{"uv":[9.6875,3.625,9.9375,3.9375],"rotation":0,"texture":"#0","tintindex":0},"east":{"uv":[2.125,7.375,1.8125,8.0],"rotation":0,"texture":"#0","tintindex":0},"north":{"uv":[6.4375,6.875,6.1875,7.5],"rotation":0,"texture":"#0","tintindex":0},"south":{"uv":[5.25,7.25,5.0,7.875],"rotation":0,"texture":"#0","tintindex":0},"up":{"uv":[8.5,7.9375,8.75,7.625],"rotation":0,"texture":"#0","tintindex":0},"west":{"uv":[5.5625,6.0625,5.25,6.6875],"rotation":0,"texture":"#0","tintindex":0}}},{"name":"cube","from":[9.34078,2.7642398,7.999367],"to":[9.34078,8.16424,10.399367],"rotation":{"angle":-22.5,"axis":"y","origin":[9.34078,5.7642403,9.199368]},"faces":{"down":{"uv":[0.0,0.0,0.0,0.25],"rotation":0,"texture":"#0","tintindex":0},"east":{"uv":[2.125,9.375,1.875,9.9375],"rotation":0,"texture":"#0","tintindex":0},"north":{"uv":[0.0,0.0,0.0,0.5625],"rotation":0,"texture":"#0","tintindex":0},"south":{"uv":[0.0,0.0,0.0,0.5625],"rotation":0,"texture":"#0","tintindex":0},"up":{"uv":[0.0,0.25,0.0,0.0],"rotation":0,"texture":"#0","tintindex":0},"west":{"uv":[9.5625,6.0,9.3125,6.5625],"rotation":0,"texture":"#0","tintindex":0}}},{"name":"cube","from":[8.025297,-4.8975697,12.308633],"to":[8.025297,-2.4975696,14.708633],"rotation":{"angle":45.0,"axis":"x","origin":[8.025297,-2.4975696,11.708633]},"faces":{"down":{"uv":[0.0,0.0,0.0,0.25],"rotation":180,"texture":"#0","tintindex":0},"east":{"uv":[9.875,10.0,9.625,9.75],"rotation":270,"texture":"#0","tintindex":0},"north":{"uv":[0.0,0.0,0.0,0.25],"rotation":180,"texture":"#0","tintindex":0},"south":{"uv":[0.0,0.25,0.0,0.0],"rotation":0,"texture":"#0","tintindex":0},"up":{"uv":[0.0,0.0,0.0,0.25],"rotation":0,"texture":"#0","tintindex":0},"west":{"uv":[9.625,10.0,9.375,9.75],"rotation":90,"texture":"#0","tintindex":0}}},{"name":"cube","from":[7.1252975,-4.8975697,11.108633],"to":[8.925298,-2.4975696,12.908633],"rotation":{"angle":45.0,"axis":"x","origin":[8.025297,-2.4975696,11.708633]},"faces":{"down":{"uv":[9.9375,6.0,10.125,6.1875],"rotation":180,"texture":"#0","tintindex":0},"east":{"uv":[10.0,3.625,9.75,3.4375],"rotation":270,"texture":"#0","tintindex":0},"north":{"uv":[9.9375,1.125,10.125,1.375],"rotation":180,"texture":"#0","tintindex":0},"south":{"uv":[9.9375,1.625,10.125,1.375],"rotation":0,"texture":"#0","tintindex":0},"up":{"uv":[9.9375,5.3125,10.125,5.5],"rotation":0,"texture":"#0","tintindex":0},"west":{"uv":[4.125,8.25,3.875,8.0625],"rotation":90,"texture":"#0","tintindex":0}}},{"name":"cube","from":[7.1252975,-7.29757,8.708633],"to":[8.925298,-2.4975696,11.108633],"rotation":{"angle":45.0,"axis":"x","origin":[8.025297,-2.4975696,11.708633]},"faces":{"down":{"uv":[9.875,9.8125,10.0625,10.0625],"rotation":180,"texture":"#0","tintindex":0},"east":{"uv":[9.875,9.75,9.375,9.5],"rotation":270,"texture":"#0","tintindex":0},"north":{"uv":[3.0625,9.6875,3.25,10.1875],"rotation":180,"texture":"#0","tintindex":0},"south":{"uv":[3.25,10.1875,3.4375,9.6875],"rotation":0,"texture":"#0","tintindex":0},"up":{"uv":[9.875,9.5625,10.0625,9.8125],"rotation":0,"texture":"#0","tintindex":0},"west":{"uv":[9.9375,7.5,9.4375,7.25],"rotation":90,"texture":"#0","tintindex":0}}},{"name":"cube","from":[6.2,-6.2357597,3.8907113],"to":[9.8,-3.2357607,7.4907117],"rotation":{"angle":0.0,"axis":"x","origin":[1.9999998,-2.0357604,6.290712]},"faces":{"down":{"uv":[2.125,9.375,2.5,9.75],"rotation":0,"texture":"#0","tintindex":0},"east":{"uv":[10.0,0.0,9.625,0.3125],"rotation":0,"texture":"#0","tintindex":0},"north":{"uv":[9.9375,6.0,9.5625,6.3125],"rotation":0,"texture":"#0","tintindex":0},"south":{"uv":[9.9375,7.8125,9.5625,8.125],"rotation":0,"texture":"#0","tintindex":0},"up":{"uv":[3.125,7.5,3.5,7.125],"rotation":0,"texture":"#0","tintindex":0},"west":{"uv":[9.9375,7.5,9.5625,7.8125],"rotation":0,"texture":"#0","tintindex":0}}}],"display":{"head":{"translation":[0.0,-6.4,0.0],"rotation":[0.0,0.0,0.0],"scale":[3.8095,3.8095,3.8095]}}}